Name,Jersey Number,Club,Position,Nationality,Age,Appearances,Wins,Losses,Penalties scored,Freekicks scored,Shots,Shots on target,Shooting accuracy %,Recoveries,Duels won,Successful 50/50s,Assists,Passes,Big chances created,Crosses,Yellow cards,Red cards,Fouls,Offsides,Goals
Bernd Leno,1,Arsenal,Goalkeeper,Germany,28,64,28,16,,,,,,,,,0,1783,,,2,0,0,,0
Matt Macey,33,Arsenal,Goalkeeper,England,26,0,0,0,,,,,,,,,0,0,,,0,0,0,,0
Rúnar Alex Rúnarsson,13,Arsenal,Goalkeeper,Iceland,25,0,0,0,,,,,,,,,0,0,,,0,0,0,,0
Héctor Bellerín,2,Arsenal,Defender,Spain,25,160,90,37,,,,,,732,611,196,18,7125,28,389,23,0,125,8,7
Kieran Tierney,3,Arsenal,Defender,Scotland,23,16,7,5,,,,,,63,55,12,1,519,1,45,2,0,9,0,1
William Saliba,4,Arsenal,Defender,France,19,0,0,0,,,,,,0,0,0,0,0,0,0,0,0,0,0,0
Sokratis,5,Arsenal,Defender,Greece,32,44,21,11,,,,,,173,227,11,2,2416,4,1,18,0,56,1,3
Rob Holding,16,Arsenal,Defender,England,25,41,25,9,,,,,,192,176,19,0,2200,0,3,8,0,32,0,0
Shkodran Mustafi,20,Arsenal,Defender,Germany,28,99,52,26,,,,,,455,670,26,4,5907,5,45,28,0,117,7,7
Calum Chambers,21,Arsenal,Defender,England,25,139,47,57,,,,,,735,703,93,3,5935,9,210,28,1,137,2,6
David Luiz,23,Arsenal,Defender,Brazil,33,194,113,38,,,,,,1042,846,80,7,10165,22,67,40,3,212,5,13
Sead Kolasinac,31,Arsenal,Defender,Bosnia And Herzegovina,27,78,40,22,,,,,,365,284,41,11,3201,18,123,12,0,74,16,2
Gabriel Magalhães,6,Arsenal,Defender,Brazil,22,2,2,0,,,,,,6,8,0,0,197,0,0,0,0,3,0,1
Mesut Özil,10,Arsenal,Midfielder,Germany,31,184,100,39,0,1,205,92,45%,778,625,248,54,11186,65,834,13,0,95,83,33
Lucas Torreira,11,Arsenal,Midfielder,Uruguay,24,63,28,15,0,0,46,12,26%,327,276,30,3,2493,3,40,14,1,62,0,3
Ainsley Maitland-Niles,15,Arsenal,Midfielder,England,23,54,26,16,0,0,14,4,29%,223,218,58,3,1867,4,57,6,2,35,1,1
Mohamed Elneny,25,Arsenal,Midfielder,Egypt,28,47,29,10,0,0,44,5,11%,211,109,11,3,2532,2,30,7,1,24,2,0
Joseph Willock,28,Arsenal,Midfielder,England,21,33,12,12,0,0,18,5,28%,64,75,21,1,398,1,9,2,0,13,0,1
Matteo Guendouzi,29,Arsenal,Midfielder,France,21,57,24,17,0,0,27,9,33%,284,263,47,1,2750,4,21,15,0,41,0,0
Emile Smith Rowe,32,Arsenal,Midfielder,England,20,2,0,1,0,0,0,0,0%,5,4,2,0,35,0,1,0,0,0,0,0
Granit Xhaka,34,Arsenal,Midfielder,Switzerland,27,132,70,33,0,2,144,41,28%,885,650,69,13,9739,12,274,35,2,196,2,8
Bukayo Saka,7,Arsenal,Midfielder,England,19,28,11,7,0,0,15,4,27%,,,,5,716,6,69,6,0,22,13,1
Dani Ceballos,8,Arsenal,Midfielder,Spain,24,26,14,6,0,0,14,3,21%,163,127,30,3,1372,2,71,1,0,21,0,0
Alexandre Lacazette,9,Arsenal,Forward,France,29,99,46,28,2,1,204,93,46%,,,,16,2045,15,60,11,0,127,62,39
Pierre-Emerick Aubameyang,14,Arsenal,Forward,Gabon,31,87,43,25,7,1,222,105,47%,,,,13,1880,17,155,4,1,30,55,55
Nicolas Pépé,19,Arsenal,Forward,Cote D'Ivoire,25,33,15,9,1,0,51,18,35%,,,,6,723,8,113,4,0,14,4,5
Reiss Nelson,24,Arsenal,Forward,England,20,20,10,5,0,0,13,4,31%,,,,0,286,0,25,1,0,8,4,1
Eddie Nketiah,30,Arsenal,Forward,England,21,23,12,8,0,0,20,8,40%,,,,0,172,1,1,0,1,18,5,4
Gabriel Martinelli,35,Arsenal,Forward,Brazil,19,14,3,3,0,0,12,5,42%,34,46,9,0,116,0,22,1,0,9,2,3
Willian,12,Arsenal,Forward,Brazil,32,236,137,47,5,4,393,145,37%,,,,35,8290,51,1009,21,1,131,33,37
Tom Heaton,1,Aston-Villa,Goalkeeper,England,34,116,34,55,,,,,,,,,0,3290,,,5,0,2,,0
Jed Steer,12,Aston-Villa,Goalkeeper,England,28,2,0,2,,,,,,,,,0,32,,,0,0,0,,0
Ørjan Nyland,25,Aston-Villa,Goalkeeper,Norway,30,7,1,4,,,,,,,,,0,152,,,0,0,0,,0
Lovre Kalinic,28,Aston-Villa,Goalkeeper,Croatia,30,0,0,0,,,,,,,,,0,0,,,0,0,0,,0
Emiliano Martínez,26,Aston-Villa,Goalkeeper,Argentina,28,16,9,6,,,,,,,,,0,397,,,2,0,1,,0
Neil Taylor,3,Aston-Villa,Defender,Wales,31,145,48,62,,,,,,614,493,46,5,5491,6,255,21,0,121,3,0
Ezri Konsa Ngoyo,4,Aston-Villa,Defender,England,22,26,8,12,,,,,,106,116,7,2,810,2,13,3,0,17,1,2
Matt Targett,18,Aston-Villa,Defender,England,25,72,24,28,,,,,,297,274,21,6,2240,13,250,8,0,41,2,2
Björn Engels,22,Aston-Villa,Defender,Belgium,26,17,3,12,,,,,,53,71,1,0,647,0,2,1,0,5,1,1
Frédéric Guilbert,24,Aston-Villa,Defender,France,25,25,7,13,,,,,,104,164,23,2,749,1,91,7,0,36,2,0
Ahmed El Mohamady,27,Aston-Villa,Defender,Egypt,33,183,48,91,,,,,,909,960,128,13,6628,19,916,12,1,152,13,6
Kortney Hause,30,Aston-Villa,Defender,England,25,18,3,11,0,0,20,3,15%,109,138,9,0,799,1,0,3,0,24,1,1
Tyrone Mings,5,Aston-Villa,Defender,England,27,51,13,27,,,,,,270,162,18,3,1961,2,10,8,0,30,2,2
Matthew Cash,2,Aston-Villa,Defender,England,23,1,1,0,,,,,,5,1,0,0,56,0,6,1,0,0,0,0
Douglas Luiz,6,Aston-Villa,Midfielder,Brazil,22,37,10,20,0,0,41,13,32%,211,150,36,2,1300,3,25,8,0,51,0,3
John McGinn,7,Aston-Villa,Midfielder,Scotland,25,29,7,15,0,0,57,20,35%,157,193,53,3,759,3,67,4,0,38,0,3
Henri Lansbury,8,Aston-Villa,Midfielder,England,29,13,4,8,0,0,3,0,3%,14,10,0,0,115,0,2,1,0,5,1,0
Jack Grealish,10,Aston-Villa,Midfielder,England,25,71,17,42,0,0,105,32,30%,293,419,122,7,2098,12,202,9,0,47,6,9
Marvelous Nakamba,19,Aston-Villa,Midfielder,Zimbabwe,26,29,7,16,0,0,7,1,14%,155,115,14,0,782,0,4,5,0,26,0,0
Conor Hourihane,14,Aston-Villa,Midfielder,Ireland,29,28,8,13,0,1,30,10,33%,73,54,4,5,665,8,124,4,0,15,4,3
Trézéguet,17,Aston-Villa,Midfielder,Egypt,25,35,9,19,0,0,52,17,33%,80,134,30,1,388,0,73,2,1,39,6,6
Anwar El Ghazi,21,Aston-Villa,Midfielder,Netherlands,25,34,7,19,1,0,52,20,38%,75,97,29,4,479,4,107,3,0,20,12,4
Jota,23,Aston-Villa,Midfielder,Spain,29,10,2,7,0,0,6,1,17%,26,13,7,1,93,1,2,0,0,6,0,0
Jacob Ramsey,41,Aston-Villa,Midfielder,England,19,0,0,0,0,0,0,0,0%,0,0,0,0,0,0,0,0,0,0,0,0
Wesley,9,Aston-Villa,Forward,Brazil,23,21,6,12,0,0,35,18,51%,,,,1,367,1,7,3,0,43,14,5
Keinan Davis,39,Aston-Villa,Forward,England,22,19,4,9,0,0,17,5,29%,,,,0,149,0,3,0,0,12,3,0
Ollie Watkins,11,Aston-Villa,Forward,England,24,1,1,0,0,0,3,0,3%,,,,0,19,0,0,0,0,2,1,0
Bertrand Traoré,,Aston-Villa,Forward,Burkina Faso,25,10,2,4,0,0,17,6,35%,,,,1,136,1,3,0,0,3,5,2
Mat Ryan,1,Brighton-and-Hove-Albion,Goalkeeper,Australia,28,112,27,50,,,,,,,,,0,3272,,,2,0,2,,0
Jason Steele,23,Brighton-and-Hove-Albion,Goalkeeper,England,30,0,0,0,,,,,,,,,0,0,,,0,0,0,,0
Christian Walton,31,Brighton-and-Hove-Albion,Goalkeeper,England,24,0,0,0,,,,,,,,,0,0,,,0,0,0,,0
Robert Sánchez,26,Brighton-and-Hove-Albion,Goalkeeper,Spain,22,0,0,0,,,,,,,,,0,0,,,0,0,0,,0
Ben White,3,Brighton-and-Hove-Albion,Defender,England,22,2,1,1,,,,,,5,8,1,0,101,0,1,0,0,2,0,0
Tariq Lamptey,2,Brighton-and-Hove-Albion,Defender,England,19,11,4,4,,,,,,41,57,17,2,243,4,27,3,0,16,0,0
Lewis Dunk,5,Brighton-and-Hove-Albion,Defender,England,28,112,28,49,,,,,,725,560,15,5,5364,3,10,21,1,80,1,6
Adam Webster,4,Brighton-and-Hove-Albion,Defender,England,25,33,8,13,,,,,,184,179,14,1,2001,2,6,4,0,14,0,3
Bernardo,30,Brighton-and-Hove-Albion,Defender,Brazil,25,36,9,16,,,,,,169,212,22,1,1115,3,48,5,0,20,6,0
Dan Burn,33,Brighton-and-Hove-Albion,Defender,England,28,44,11,19,,,,,,175,270,19,0,1792,2,51,5,0,38,3,0
Joël Veltman,34,Brighton-and-Hove-Albion,Defender,Netherlands,28,0,0,0,,,,,,0,0,0,0,0,0,0,0,0,0,0,0
Romaric Yapi,52,Brighton-and-Hove-Albion,Defender,France,20,0,0,0,,,,,,0,0,0,0,0,0,0,0,0,0,0,0
Alex Cochrane,50,Brighton-and-Hove-Albion,Defender,England,20,0,0,0,,,,,,0,0,0,0,0,0,0,0,0,0,0,0
Haydon Roberts,58,Brighton-and-Hove-Albion,Defender,England,18,0,0,0,,,,,,0,0,0,0,0,0,0,0,0,0,0,0
Dale Stephens,6,Brighton-and-Hove-Albion,Midfielder,England,31,99,24,45,0,0,49,5,10%,724,402,35,5,4785,4,6,20,1,136,0,1
Yves Bissouma,8,Brighton-and-Hove-Albion,Midfielder,Mali,24,52,13,26,0,0,51,10,20%,239,285,79,0,1441,1,14,9,1,74,2,1
Alexis Mac Allister,10,Brighton-and-Hove-Albion,Midfielder,Argentina,21,9,3,2,0,0,7,1,14%,15,17,2,0,98,0,23,0,0,4,1,0
Pascal Groß,13,Brighton-and-Hove-Albion,Midfielder,Germany,29,93,20,42,2,1,97,38,39%,313,216,21,15,2937,35,522,7,0,67,22,12
Adam Lallana,14,Brighton-and-Hove-Albion,Midfielder,England,32,198,98,50,0,0,274,96,35%,839,886,209,28,6407,25,489,17,0,142,57,30
Solly March,20,Brighton-and-Hove-Albion,Midfielder,England,26,92,21,42,0,0,93,26,28%,345,372,116,7,1971,13,329,6,0,70,15,2
Davy Pröpper,24,Brighton-and-Hove-Albion,Midfielder,Netherlands,29,100,24,44,0,0,80,15,19%,673,456,112,7,4384,7,67,8,1,105,3,2
Steven Alzate,17,Brighton-and-Hove-Albion,Midfielder,Colombia,22,21,6,9,0,0,15,4,27%,,,,0,681,0,8,1,0,21,3,0
Max Sanders,41,Brighton-and-Hove-Albion,Midfielder,England,21,0,0,0,0,0,0,0,0%,0,0,0,0,0,0,0,0,0,0,0,0
Jayson Molumby,49,Brighton-and-Hove-Albion,Midfielder,Ireland,21,0,0,0,0,0,0,0,0%,0,0,0,0,0,0,0,0,0,0,0,0
Lars Dendoncker,53,Brighton-and-Hove-Albion,Midfielder,Belgium,19,0,0,0,0,0,0,0,0%,0,0,0,0,0,0,0,0,0,0,0,0
Peter Gwargis,55,Brighton-and-Hove-Albion,Midfielder,Sweden,20,0,0,0,0,0,0,0,0%,0,0,0,0,0,0,0,0,0,0,0,0
Leandro Trossard,11,Brighton-and-Hove-Albion,Forward,Belgium,25,33,7,14,0,0,45,14,31%,,,,4,772,7,83,0,0,17,4,6
Neal Maupay,9,Brighton-and-Hove-Albion,Forward,France,24,39,10,16,2,0,101,41,41%,,,,4,710,3,13,3,0,38,15,12
Alireza Jahanbakhsh,16,Brighton-and-Hove-Albion,Forward,Iran,27,31,8,16,0,0,34,8,24%,,,,0,401,2,48,2,0,21,7,2
José Izquierdo,19,Brighton-and-Hove-Albion,Forward,Colombia,28,47,13,19,0,0,67,19,28%,,,,4,728,4,29,3,0,26,18,5
Aaron Connolly,7,Brighton-and-Hove-Albion,Forward,Ireland,20,26,8,12,0,0,43,16,37%,,,,1,161,1,9,0,0,17,16,4
Florin Andone,21,Brighton-and-Hove-Albion,Forward,Romania,27,26,5,14,0,0,20,9,45%,,,,0,177,0,5,5,1,30,4,4
Viktor Gyökeres,42,Brighton-and-Hove-Albion,Forward,Sweden,22,0,0,0,0,0,0,0,0%,,,,0,0,0,0,0,0,0,0,0
Nick Pope,1,Burnley,Goalkeeper,England,28,74,28,26,,,,,,,,,0,2124,,,4,0,1,,0
Bailey Peacock-Farrell,15,Burnley,Goalkeeper,Northern Ireland,23,0,0,0,,,,,,,,,0,0,,,0,0,0,,0
Will Norris,25,Burnley,Goalkeeper,England,27,1,1,0,,,,,,,,,0,0,,,0,0,0,,0
Matthew Lowton,2,Burnley,Defender,England,31,172,49,83,,,,,,732,796,95,12,5463,18,428,35,0,144,1,2
Charlie Taylor,3,Burnley,Defender,England,27,74,23,33,,,,,,377,411,68,2,2249,3,238,8,0,39,3,0
James Tarkowski,5,Burnley,Defender,England,27,123,48,50,,,,,,472,861,34,3,3839,7,15,24,0,119,12,5
Ben Mee,6,Burnley,Defender,England,31,166,49,77,,,,,,911,986,35,4,6088,7,70,36,0,118,6,4
Erik Pieters,23,Burnley,Defender,Netherlands,32,194,61,79,,,,,,899,1142,63,11,6880,17,455,34,0,300,5,1
Phil Bardsley,26,Burnley,Defender,Scotland,35,300,100,130,,,,,,1154,1395,104,5,9247,17,660,78,2,327,5,7
Kevin Long,28,Burnley,Defender,Ireland,30,35,8,14,,,,,,130,236,3,3,1038,4,2,1,0,28,1,1
Jimmy Dunne,34,Burnley,Defender,Ireland,22,1,0,1,,,,,,3,9,0,0,25,0,0,0,0,1,0,1
Bobby Thomas,37,Burnley,Defender,England,19,0,0,0,,,,,,0,0,0,0,0,0,0,0,0,0,0,0
Anthony Driscoll-Glennon,45,Burnley,Defender,England,20,0,0,0,,,,,,0,0,0,0,0,0,0,0,0,0,0,0
Jack Cork,4,Burnley,Midfielder,England,31,264,96,105,0,0,137,42,31%,1565,1312,184,9,11059,11,151,32,0,211,13,8
Jóhann Gudmundsson,7,Burnley,Midfielder,Iceland,29,96,28,44,0,0,114,37,32%,386,313,63,17,1750,12,439,5,0,41,6,7
Josh Brownhill,8,Burnley,Midfielder,England,24,11,5,3,0,0,8,0,8%,52,52,8,0,368,0,3,2,0,8,0,0
Dwight McNeil,11,Burnley,Midfielder,England,20,61,23,25,0,0,75,20,27%,,,,12,1509,17,377,7,0,45,1,5
Robbie Brady,12,Burnley,Midfielder,Ireland,28,142,37,77,2,1,155,42,27%,578,596,129,12,3280,23,724,15,1,117,13,9
Ashley Westwood,18,Burnley,Midfielder,England,30,222,65,106,0,1,137,34,25%,1309,586,36,25,9880,39,657,38,0,195,2,9
Josh Benson,41,Burnley,Midfielder,England,20,0,0,0,0,0,0,0,0%,0,0,0,0,0,0,0,0,0,0,0,0
Chris Wood,9,Burnley,Forward,New Zealand,28,105,35,43,1,0,172,81,47%,,,,4,1535,8,25,4,0,84,117,36
Ashley Barnes,10,Burnley,Forward,England,30,155,45,71,5,0,276,104,38%,,,,6,2475,11,62,32,2,269,92,38
Jay Rodriguez,19,Burnley,Forward,England,31,178,53,71,2,0,378,140,37%,,,,12,2835,14,134,11,0,156,99,41
Matej Vydra,27,Burnley,Forward,Czech Republic,28,57,11,30,0,0,37,20,54%,,,,5,359,4,11,1,0,9,10,6
Kepa Arrizabalaga,1,Chelsea,Goalkeeper,Spain,25,71,39,20,,,,,,,,,0,2006,,,2,0,0,,0
Willy Caballero,13,Chelsea,Goalkeeper,Argentina,38,33,19,5,,,,,,,,,0,798,,,0,0,0,,0
Antonio Rüdiger,2,Chelsea,Defender,Germany,27,80,45,21,,,,,,522,341,15,1,5738,5,18,14,0,73,3,5
Marcos Alonso,3,Chelsea,Defender,Spain,29,140,87,32,,,,,,831,800,90,12,6434,17,428,25,1,125,16,20
Andreas Christensen,4,Chelsea,Defender,Denmark,24,59,29,18,,,,,,300,254,10,0,3213,2,0,6,1,35,1,0
Kurt Zouma,15,Chelsea,Defender,France,25,143,60,49,,,,,,574,681,50,4,5767,2,20,10,1,87,6,5
Reece James,24,Chelsea,Defender,England,20,26,15,8,,,,,,108,137,31,3,1104,6,120,1,0,24,1,1
César Azpilicueta,28,Chelsea,Defender,Spain,31,272,158,56,,,,,,1376,1400,69,31,15647,32,577,23,1,240,10,8
Fikayo Tomori,14,Chelsea,Defender,England,22,17,9,5,,,,,,102,81,9,0,1193,0,4,3,0,8,1,1
Emerson,33,Chelsea,Defender,Italy,26,30,11,14,,,,,,104,122,27,1,1285,3,97,3,0,15,2,0
Ben Chilwell,21,Chelsea,Defender,England,23,99,40,36,,,,,,529,637,111,9,4540,12,337,10,1,81,8,4
Thiago Silva,6,Chelsea,Defender,Brazil,36,0,0,0,,,,,,0,0,0,0,0,0,0,0,0,0,0,0
Juan Castillo,,Chelsea,Defender,Netherlands,20,0,0,0,,,,,,0,0,0,0,0,0,0,0,0,0,0,0
Hakim Ziyech,22,Chelsea,Midfielder,Morocco,27,0,0,0,0,0,0,0,0%,0,0,0,0,0,0,0,0,0,0,0,0
Jorginho,5,Chelsea,Midfielder,Italy,28,70,37,18,5,0,33,13,39%,533,256,28,3,5482,12,12,18,0,63,0,7
N'Golo Kanté,7,Chelsea,Midfielder,France,29,166,98,35,0,0,120,29,24%,1320,922,190,10,8952,15,86,22,0,218,7,10
Ross Barkley,8,Chelsea,Midfielder,England,26,202,91,59,2,2,411,119,29%,755,973,376,27,7686,32,322,18,0,155,19,25
Ruben Loftus-Cheek,12,Chelsea,Midfielder,England,24,78,35,22,0,0,78,19,24%,266,355,131,6,1854,7,16,1,0,39,6,9
Mateo Kovacic,17,Chelsea,Midfielder,Croatia,26,64,34,16,0,0,49,9,18%,300,320,120,5,3398,4,16,11,0,40,0,1
Mason Mount,19,Chelsea,Midfielder,England,21,39,20,13,0,1,80,29,36%,151,136,44,5,1312,8,138,3,0,40,4,7
Christian Pulisic,10,Chelsea,Midfielder,United States,22,25,13,9,0,0,63,26,41%,79,128,55,4,668,6,35,0,0,14,3,9
Billy Gilmour,23,Chelsea,Midfielder,Scotland,19,6,5,0,0,0,1,0,1%,15,10,2,0,172,0,1,0,0,3,0,0
Kai Havertz,29,Chelsea,Midfielder,Germany,21,2,1,1,0,0,0,0,0%,10,6,1,0,41,0,1,0,0,2,1,0
Timo Werner,11,Chelsea,Forward,Germany,24,2,1,1,0,0,6,1,17%,,,,0,49,0,0,0,0,3,2,0
Tammy Abraham,9,Chelsea,Forward,England,22,68,25,29,0,0,133,56,42%,,,,4,721,6,26,2,0,35,35,20
Olivier Giroud,18,Chelsea,Forward,France,33,238,133,56,2,0,548,212,39%,,,,28,4718,40,90,18,2,223,120,86
Callum Hudson-Odoi,20,Chelsea,Forward,England,19,35,18,12,0,0,29,8,28%,,,,6,641,8,87,1,0,12,6,1
Wayne Hennessey,13,Crystal-Palace,Goalkeeper,Wales,33,181,47,94,,,,,,,,,1,4858,,,4,0,1,,0
Vicente Guaita,31,Crystal-Palace,Goalkeeper,Spain,33,57,23,21,,,,,,,,,0,1428,,,3,0,1,,0
Stephen Henderson,19,Crystal-Palace,Goalkeeper,Ireland,32,0,0,0,,,,,,,,,0,0,,,0,0,0,,0
Nathan Ferguson,,Crystal-Palace,Defender,England,19,0,0,0,,,,,,0,0,0,0,0,0,0,0,0,0,0,0
Joel Ward,2,Crystal-Palace,Defender,England,30,201,66,95,,,,,,1013,1218,102,5,6449,9,407,28,0,202,4,4
Patrick van Aanholt,3,Crystal-Palace,Defender,Netherlands,30,191,57,92,,,,,,1126,680,184,14,6833,25,388,19,0,94,27,20
James Tomkins,5,Crystal-Palace,Defender,England,31,263,84,116,,,,,,989,1442,25,7,8210,8,51,46,2,167,7,12
Scott Dann,6,Crystal-Palace,Defender,England,33,227,74,95,,,,,,785,1016,46,11,6399,11,24,34,0,145,10,15
Mamadou Sakho,12,Crystal-Palace,Defender,France,30,125,52,43,,,,,,847,534,49,2,5917,2,6,6,1,39,1,3
Gary Cahill,24,Crystal-Palace,Defender,England,34,374,166,126,,,,,,1441,1946,70,10,12718,8,23,38,3,266,3,27
Martin Kelly,34,Crystal-Palace,Defender,England,30,153,55,62,,,,,,509,646,32,5,3820,2,210,14,0,117,1,0
Tyrick Mitchell,27,Crystal-Palace,Defender,England,21,6,2,3,,,,,,17,19,1,0,132,0,5,1,0,2,0,0
Jaroslaw Jach,33,Crystal-Palace,Defender,Poland,26,0,0,0,,,,,,0,0,0,0,0,0,0,0,0,0,0,0
Sam Woods,35,Crystal-Palace,Defender,England,22,0,0,0,,,,,,0,0,0,0,0,0,0,0,0,0,0,0
Ryan Inniss,45,Crystal-Palace,Defender,England,25,0,0,0,,,,,,0,0,0,0,0,0,0,0,0,0,0,0
Luka Milivojevic,4,Crystal-Palace,Midfielder,Serbia,29,121,41,53,21,3,144,55,38%,736,597,56,4,5573,8,376,34,0,207,2,27
Max Meyer,7,Crystal-Palace,Midfielder,Germany,25,46,11,24,0,0,47,10,21%,116,111,19,2,864,0,33,4,0,16,3,1
Cheikhou Kouyaté,8,Crystal-Palace,Midfielder,Senegal,30,197,64,76,0,0,167,54,32%,1035,1311,125,10,5799,3,104,25,1,242,16,13
Andros Townsend,10,Crystal-Palace,Midfielder,England,29,211,78,91,1,1,335,103,31%,913,1025,414,22,4717,40,923,14,0,78,22,22
Jeffrey Schlupp,15,Crystal-Palace,Midfielder,Ghana,27,148,56,61,,,,,,585,773,173,8,3156,10,199,15,0,109,3,11
James McArthur,18,Crystal-Palace,Midfielder,Scotland,32,282,93,126,0,0,214,64,30%,1448,1304,155,18,10076,21,137,45,0,370,13,23
James McCarthy,22,Crystal-Palace,Midfielder,Ireland,29,258,87,102,0,0,178,47,26%,1284,1190,123,12,10840,8,188,48,1,309,2,13
Jairo Riedewald,44,Crystal-Palace,Midfielder,Netherlands,24,29,8,13,0,0,4,0,4%,70,45,11,0,484,0,8,0,0,6,0,0
Eberechi Eze,25,Crystal-Palace,Midfielder,England,22,2,2,0,0,0,0,0,0%,5,4,2,0,14,0,3,0,0,0,0,0
Nya Kirby,37,Crystal-Palace,Midfielder,England,20,0,0,0,0,0,0,0,0%,0,0,0,0,0,0,0,0,0,0,0,0
Jordan Ayew,9,Crystal-Palace,Forward,Ghana,29,139,37,71,2,0,226,78,35%,,,,9,2968,12,147,18,2,222,44,25
Wilfried Zaha,11,Crystal-Palace,Forward,Cote D'Ivoire,27,217,70,94,1,0,336,119,35%,,,,24,4555,36,537,33,1,287,79,39
Christian Benteke,17,Crystal-Palace,Forward,Belgium,29,225,73,107,10,1,544,208,38%,,,,20,5666,31,36,35,3,357,203,72
Connor Wickham,21,Crystal-Palace,Forward,England,27,120,29,59,1,0,189,59,31%,,,,7,2003,5,112,11,0,147,26,19
Brandon Pierrick,40,Crystal-Palace,Forward,England,18,2,0,1,0,0,0,0,0%,,,,0,7,0,2,0,0,0,0,0
Michy Batshuayi,23,Crystal-Palace,Forward,Belgium,26,60,37,15,0,0,73,25,34%,,,,3,421,0,3,0,0,24,29,13
Jordan Pickford,1,Everton,Goalkeeper,England,26,147,48,65,,,,,,,,,0,4553,,,3,0,3,,0
João Virgínia,31,Everton,Goalkeeper,Portugal,20,0,0,0,,,,,,,,,0,0,,,0,0,0,,0
Jonas Lössl,49,Everton,Goalkeeper,Denmark,31,69,12,41,,,,,,,,,2,2290,,,2,0,0,,0
Mason Holgate,4,Everton,Defender,England,23,65,28,16,,,,,,285,319,27,4,2429,7,62,11,0,43,3,0
Michael Keane,5,Everton,Defender,England,27,153,53,64,,,,,,656,899,22,5,6162,7,11,13,0,82,5,6
Lucas Digne,12,Everton,Defender,France,27,72,28,27,,,,,,369,452,37,12,2961,21,570,11,1,83,5,4
Yerry Mina,13,Everton,Defender,Colombia,26,44,17,16,,,,,,181,229,6,1,2052,2,4,6,0,33,3,3
Séamus Coleman,23,Everton,Defender,Ireland,31,276,114,79,,,,,,1272,1308,364,21,8930,36,742,29,2,194,29,20
Jarrad Branthwaite,32,Everton,Defender,England,18,4,1,2,,,,,,18,20,1,0,223,0,0,0,0,4,0,0
Jonjoe Kenny,2,Everton,Defender,England,23,31,11,15,,,,,,138,142,11,2,1045,3,67,3,0,28,0,0
Niels Nkounkou,18,Everton,Defender,France,19,0,0,0,,,,,,0,0,0,0,0,0,0,0,0,0,0,0
Fabian Delph,8,Everton,Midfielder,England,30,185,76,73,0,0,144,36,25%,1011,987,259,8,8857,7,195,29,3,140,1,7
Gylfi Sigurdsson,10,Everton,Midfielder,Iceland,31,284,114,110,9,7,603,221,37%,1015,863,197,45,7752,68,1363,20,0,193,16,61
André Gomes,21,Everton,Midfielder,Portugal,27,48,18,19,0,0,27,5,19%,308,229,66,2,2169,2,28,13,0,89,0,1
Jean-Philippe Gbamin,25,Everton,Midfielder,Cote D'Ivoire,24,2,1,0,0,0,0,0,0%,8,11,2,0,70,0,0,0,0,2,0,0
Tom Davies,26,Everton,Midfielder,England,22,106,46,34,0,0,60,15,25%,415,417,76,4,2909,5,43,22,0,116,9,5
Beni Baningime,34,Everton,Midfielder,The Democratic Republic Of Congo,22,8,2,2,0,0,0,0,0%,9,9,1,0,82,0,0,1,0,4,0,0
Allan,6,Everton,Midfielder,Brazil,29,2,2,0,0,0,1,1,100%,18,16,2,0,140,0,2,0,0,4,0,0
James Rodríguez,19,Everton,Midfielder,Colombia,29,2,2,0,0,0,4,1,25%,9,12,3,1,109,2,7,0,0,1,0,1
Abdoulaye Doucouré,16,Everton,Midfielder,France,27,131,40,65,0,0,182,54,30%,1019,576,129,11,6811,15,71,31,0,145,10,17
Muhamed Besic,30,Everton,Midfielder,Bosnia And Herzegovina,28,46,14,17,0,0,26,7,27%,154,186,53,0,1339,2,18,11,0,42,0,0
Sandro Ramírez,28,Everton,Forward,Spain,25,8,2,4,0,0,9,1,11%,,,,0,82,0,6,0,0,1,1,0
Yannick Bolasie,29,Everton,Forward,The Democratic Republic Of Congo,31,119,38,51,0,0,219,72,33%,,,,17,2124,25,595,9,1,140,46,11
Richarlison,7,Everton,Forward,Brazil,23,111,41,47,0,0,280,85,30%,,,,10,2452,22,158,17,1,114,56,31
Dominic Calvert-Lewin,9,Everton,Forward,England,23,116,43,46,0,0,195,77,39%,,,,9,1588,9,47,17,0,138,36,28
Theo Walcott,11,Everton,Forward,England,31,346,176,93,0,0,616,267,43%,,,,51,5491,61,952,10,0,101,163,75
Cenk Tosun,14,Everton,Forward,Turkey,29,49,14,19,0,0,71,30,42%,,,,3,619,4,15,3,0,50,19,10
Alex Iwobi,17,Everton,Forward,Nigeria,24,126,59,41,0,0,157,65,41%,,,,16,3921,23,151,2,0,42,6,12
Bernard,20,Everton,Forward,Brazil,28,61,23,23,0,0,35,10,29%,,,,5,1346,7,87,7,0,36,2,4
Moise Kean,27,Everton,Forward,Italy,20,31,9,13,0,0,31,13,42%,,,,2,131,5,14,1,0,28,4,2
Anthony Gordon,24,Everton,Forward,England,19,11,3,4,0,0,6,1,17%,,,,1,113,0,7,0,0,10,1,0
Marek Rodák,12,Fulham,Goalkeeper,Slovakia,23,1,0,1,,,,,,,,,0,25,,,0,0,0,,0
Fabri,31,Fulham,Goalkeeper,Spain,32,2,0,2,,,,,,,,,0,47,,,0,0,0,,0
Alphonse Areola,1,Fulham,Goalkeeper,France,27,1,0,1,,,,,,,,,0,29,,,0,0,0,,0
Michael Hector,3,Fulham,Defender,Jamaica,28,2,0,2,,,,,,13,10,2,0,127,0,0,1,0,3,0,0
Denis Odoi,4,Fulham,Defender,Belgium,32,33,7,21,,,,,,200,156,16,1,1434,1,16,4,0,39,1,0
Tim Ream,13,Fulham,Defender,United States,32,40,9,24,,,,,,178,126,7,1,1517,1,3,2,0,16,0,0
Maxime Le Marchand,20,Fulham,Defender,France,30,26,7,17,,,,,,164,129,10,1,1386,1,17,5,0,28,3,0
Joe Bryan,23,Fulham,Defender,England,27,30,6,21,,,,,,135,147,18,1,1036,8,121,5,0,27,2,0
Antonee Robinson,33,Fulham,Defender,United States,23,0,0,0,,,,,,0,0,0,0,0,0,0,0,0,0,0,0
Kenny Tete,2,Fulham,Defender,Netherlands,24,1,0,1,,,,,,4,6,0,1,27,1,6,1,0,3,0,0
Ola Aina,34,Fulham,Defender,Nigeria,23,3,3,0,,,,,,2,1,0,0,16,0,0,0,0,0,0,0
Jean Michael Seri,24,Fulham,Midfielder,Cote D'Ivoire,29,32,6,21,0,0,19,6,32%,158,93,16,2,1592,7,108,6,0,32,1,1
Kevin McDonald,6,Fulham,Midfielder,Scotland,31,41,3,29,0,0,19,3,16%,131,117,10,1,1285,0,19,9,1,33,2,1
Neeskens Kebano,7,Fulham,Midfielder,The Democratic Republic Of Congo,28,9,0,9,,,,,,13,16,7,0,57,0,7,0,0,3,1,0
Stefan Johansen,8,Fulham,Midfielder,Norway,29,12,1,9,0,0,1,0,1%,35,17,2,0,250,0,9,4,0,6,0,0
Tom Cairney,10,Fulham,Midfielder,Scotland,29,43,7,28,0,0,33,7,21%,219,187,54,1,1882,4,57,2,0,22,0,2
Josh Onomah,25,Fulham,Midfielder,England,23,15,8,4,0,0,4,2,50%,8,17,3,0,109,0,5,0,0,4,1,0
André-Frank Zambo Anguissa,29,Fulham,Midfielder,Cameroon,24,24,4,18,0,0,22,5,23%,135,148,52,1,1113,1,3,1,1,26,2,0
Mario Lemina,18,Fulham,Midfielder,Gabon,27,47,8,22,0,0,48,10,21%,260,278,78,2,1787,3,19,7,0,60,3,2
Harrison Reed,21,Fulham,Midfielder,England,25,19,9,5,0,0,6,3,50%,45,60,2,0,419,0,4,0,0,8,0,0
Tyrese Francois,35,Fulham,Midfielder,Australia,20,0,0,0,0,0,0,0,0%,0,0,0,0,0,0,0,0,0,0,0,0
Aleksandar Mitrovic,9,Fulham,Forward,Serbia,26,79,17,46,4,0,221,85,38%,,,,7,1841,6,14,12,2,117,51,23
Bobby De Cordova-Reid,14,Fulham,Forward,Jamaica,27,29,7,19,1,0,29,10,34%,,,,2,324,1,7,0,0,6,11,6
Ivan Cavaleiro,17,Fulham,Forward,Portugal,26,25,10,11,0,0,13,4,31%,,,,1,357,2,59,1,0,15,6,3
Aboubakar Kamara,47,Fulham,Forward,France,25,15,2,10,1,0,22,10,45%,,,,0,262,1,20,2,0,26,7,3
Kiko Casilla,13,Leeds-United,Goalkeeper,Spain,33,0,0,0,,,,,,,,,0,0,,,0,0,0,,0
Elia Caprile,25,Leeds-United,Goalkeeper,Italy,19,0,0,0,,,,,,,,,0,0,,,0,0,0,,0
Luke Ayling,2,Leeds-United,Defender,England,29,2,1,1,,,,,,9,17,5,0,108,0,3,0,0,1,0,0
Barry Douglas,3,Leeds-United,Defender,Scotland,31,0,0,0,,,,,,0,0,0,0,0,0,0,0,0,0,0,0
Liam Cooper,6,Leeds-United,Defender,Scotland,29,3,1,2,,,,,,9,14,2,0,70,0,0,0,0,1,0,0
Pascal Struijk,21,Leeds-United,Defender,Netherlands,21,1,0,1,,,,,,4,5,0,0,59,0,0,0,0,0,0,0
Leif Davis,24,Leeds-United,Defender,England,20,0,0,0,,,,,,0,0,0,0,0,0,0,0,0,0,0,0
Robin Koch,5,Leeds-United,Defender,Germany,24,2,1,1,,,,,,10,17,0,0,107,0,0,0,0,3,0,0
Oliver Casey,49,Leeds-United,Defender,England,19,0,0,0,,,,,,0,0,0,0,0,0,0,0,0,0,0,0
Charlie Cresswell,35,Leeds-United,Defender,England,17,0,0,0,,,,,,0,0,0,0,0,0,0,0,0,0,0,0
Robbie Gotts,36,Leeds-United,Defender,England,20,0,0,0,,,,,,0,0,0,0,0,0,0,0,0,0,0,0
Adam Forshaw,4,Leeds-United,Midfielder,England,28,35,6,16,0,0,28,6,21%,176,133,22,1,1355,3,51,4,0,33,1,0
Ezgjan Alioski,10,Leeds-United,Midfielder,,,1,1,0,0,0,1,1,100%,2,2,0,0,11,0,1,0,0,1,0,0
Stuart Dallas,15,Leeds-United,Midfielder,Northern Ireland,29,2,1,1,0,0,0,0,0%,18,19,2,0,101,0,1,0,0,0,0,0
Pablo Hernández,19,Leeds-United,Midfielder,Spain,35,58,15,26,0,0,78,21,27%,203,159,54,13,2341,12,183,5,0,29,10,5
Kalvin Phillips,23,Leeds-United,Midfielder,England,24,2,1,1,0,0,1,0,1%,15,12,0,1,92,0,10,0,0,0,0,0
Mateusz Klich,43,Leeds-United,Midfielder,Poland,30,2,1,1,1,0,2,2,100%,16,11,1,1,92,0,3,1,0,5,1,2
Jamie Shackleton,46,Leeds-United,Midfielder,England,20,1,0,1,0,0,0,0,0%,1,2,1,0,3,0,0,0,0,0,0,0
Jack Harrison,22,Leeds-United,Midfielder,England,23,2,1,1,0,0,3,1,33%,7,11,3,0,47,0,4,0,0,1,3,1
Alfie McCalmont,38,Leeds-United,Midfielder,Northern Ireland,20,0,0,0,0,0,0,0,0%,0,0,0,0,0,0,0,0,0,0,0,0
Mateusz Bogusz,44,Leeds-United,Midfielder,Poland,19,0,0,0,0,0,0,0,0%,0,0,0,0,0,0,0,0,0,0,0,0
Ian Poveda-Ocampo,7,Leeds-United,Forward,England,20,0,0,0,0,0,0,0,0%,,,,0,0,0,0,0,0,0,0,0
Patrick Bamford,9,Leeds-United,Forward,England,27,29,4,20,0,0,20,9,45%,,,,1,193,0,8,1,0,23,7,3
Tyler Roberts,11,Leeds-United,Forward,Wales,21,3,1,1,0,0,2,1,50%,,,,0,33,0,2,1,0,3,0,0
Joe Gelhardt,30,Leeds-United,Forward,England,18,0,0,0,0,0,0,0,0%,,,,0,0,0,0,0,0,0,0,0
Rodrigo Moreno,20,Leeds-United,Forward,Spain,29,19,4,12,0,0,20,5,25%,,,,1,190,5,26,0,0,9,2,1
Kasper Schmeichel,1,Leicester-City,Goalkeeper,Denmark,33,211,91,69,,,,,,,,,0,6198,,,11,0,0,,0
Danny Ward,12,Leicester-City,Goalkeeper,Wales,27,2,1,1,,,,,,,,,0,49,,,0,0,0,,0
Eldin Jakupovic,35,Leicester-City,Goalkeeper,Switzerland,35,28,9,13,,,,,,,,,0,769,,,0,0,0,,0
James Justin,2,Leicester-City,Defender,England,22,15,8,4,,,,,,75,96,8,1,792,1,46,2,0,11,1,1
Çaglar Söyüncü,4,Leicester-City,Defender,Turkey,24,42,20,11,,,,,,222,237,19,1,2696,1,6,5,1,39,1,1
Wes Morgan,5,Leicester-City,Defender,Jamaica,36,168,70,60,,,,,,585,797,44,2,4435,1,6,12,3,129,5,8
Jonny Evans,6,Leicester-City,Defender,Northern Ireland,32,297,145,86,,,,,,1587,1417,86,9,13240,5,59,44,3,239,3,11
Filip Benkovic,16,Leicester-City,Defender,Croatia,23,0,0,0,,,,,,0,0,0,0,0,0,0,0,0,0,0,0
Daniel Amartey,18,Leicester-City,Defender,Ghana,25,46,17,19,,,,,,248,153,9,1,1469,0,6,5,1,41,1,1
Ricardo Pereira,21,Leicester-City,Defender,Portugal,26,63,29,24,,,,,,387,557,128,8,3104,15,164,8,0,86,2,5
Christian Fuchs,28,Leicester-City,Defender,Austria,34,107,48,32,,,,,,615,513,32,9,4051,11,325,15,0,79,2,2
Luke Thomas,33,Leicester-City,Defender,England,19,3,1,2,,,,,,12,12,3,1,153,0,16,0,0,1,0,0
Timothy Castagne,27,Leicester-City,Defender,Belgium,24,2,2,0,,,,,,8,11,1,1,128,0,6,0,0,1,0,1
Demarai Gray,7,Leicester-City,Midfielder,England,24,132,53,50,0,0,138,47,34%,312,311,138,9,1920,13,263,7,0,36,12,10
Youri Tielemans,8,Leicester-City,Midfielder,Belgium,23,52,25,17,0,0,89,27,30%,279,218,44,10,2594,14,114,4,0,43,1,6
James Maddison,10,Leicester-City,Midfielder,England,23,69,31,25,1,4,157,46,29%,291,394,101,10,2913,21,429,7,1,62,6,13
Marc Albrighton,11,Leicester-City,Midfielder,England,30,258,91,94,0,1,220,70,32%,1232,962,284,37,5597,60,1593,32,1,167,17,17
Harvey Barnes,15,Leicester-City,Midfielder,England,22,57,26,21,0,0,112,43,38%,138,180,78,11,1083,9,67,0,0,30,6,8
Hamza Choudhury,20,Leicester-City,Midfielder,England,22,37,16,13,0,0,13,4,31%,106,86,5,2,900,2,8,3,1,24,0,1
Matty James,22,Leicester-City,Midfielder,England,29,42,12,21,0,0,38,8,21%,197,172,25,1,1260,3,110,4,1,34,0,0
Adrien Silva,23,Leicester-City,Midfielder,Portugal,31,14,4,7,0,0,11,2,18%,63,52,7,1,512,1,4,3,0,9,0,0
Wilfred Ndidi,25,Leicester-City,Midfielder,Nigeria,23,122,52,44,0,0,153,24,16%,1022,1066,103,5,6181,3,27,20,2,189,5,6
Dennis Praet,26,Leicester-City,Midfielder,Belgium,26,29,13,11,0,0,21,5,24%,85,72,15,3,604,4,25,2,0,20,1,2
Rachid Ghezzal,31,Leicester-City,Midfielder,Algeria,28,19,5,12,0,0,19,5,26%,,,,0,422,3,45,3,0,13,0,1
Nampalys Mendy,24,Leicester-City,Midfielder,France,28,44,20,16,0,0,3,1,33%,198,141,21,0,1559,0,6,7,0,34,0,0
Cengiz Ünder,,Leicester-City,Midfielder,Turkey,23,0,0,0,0,0,0,0,0%,0,0,0,0,0,0,0,0,0,0,0,0
Jamie Vardy,9,Leicester-City,Forward,England,33,213,86,77,20,0,458,223,49%,,,,29,2961,50,256,20,3,179,195,105
Islam Slimani,13,Leicester-City,Forward,Algeria,32,39,14,18,1,0,42,17,40%,,,,5,580,2,10,2,0,30,15,8
Kelechi Iheanacho,14,Leicester-City,Forward,Nigeria,23,117,42,45,0,0,133,56,42%,,,,13,1327,15,27,6,0,80,30,21
Ayoze Pérez,17,Leicester-City,Forward,Spain,27,178,58,79,1,0,275,114,41%,,,,13,3435,26,197,9,0,182,46,41
Fousseni Diabaté,27,Leicester-City,Forward,Mali,24,15,3,7,0,0,6,2,33%,35,57,16,1,241,0,12,1,0,1,2,0
Loris Karius,22,Liverpool,Goalkeeper,Germany,27,29,17,4,,,,,,,,,0,789,,,1,0,2,,0
Alisson,1,Liverpool,Goalkeeper,Brazil,27,69,55,4,,,,,,,,,1,1924,,,1,1,1,,0
Adrián,13,Liverpool,Goalkeeper,Spain,33,136,56,44,,,,,,,,,0,3401,,,10,2,5,,0
Caoimhin Kelleher,62,Liverpool,Goalkeeper,Ireland,21,0,0,0,,,,,,,,,0,0,,,0,0,0,,0
Kamil Grabara,73,Liverpool,Goalkeeper,Poland,21,0,0,0,,,,,,,,,0,0,,,0,0,0,,0
Virgil van Dijk,4,Liverpool,Defender,Netherlands,29,159,98,30,,,,,,837,1083,41,3,10554,13,3,8,1,88,4,14
Joseph Gomez,12,Liverpool,Defender,England,23,73,52,6,,,,,,406,322,39,3,4387,2,68,15,0,58,1,0
Andrew Robertson,26,Liverpool,Defender,Scotland,26,153,86,36,,,,,,880,522,109,33,8312,40,655,20,0,80,11,4
Joel Matip,32,Liverpool,Defender,Cameroon,29,86,58,7,,,,,,419,428,21,0,5249,2,6,9,0,52,1,4
Trent Alexander-Arnold,66,Liverpool,Defender,England,21,95,74,8,,,,,,546,264,57,26,5323,32,708,11,0,50,10,6
Neco Williams,76,Liverpool,Defender,Wales,19,6,4,1,,,,,,16,19,6,0,167,0,14,1,0,5,0,0
Konstantinos Tsimikas,21,Liverpool,Defender,Greece,24,0,0,0,,,,,,0,0,0,0,0,0,0,0,0,0,0,0
Nathaniel Phillips,47,Liverpool,Defender,England,23,0,0,0,,,,,,0,0,0,0,0,0,0,0,0,0,0,0
Sepp van den Berg,72,Liverpool,Defender,Netherlands,18,0,0,0,,,,,,0,0,0,0,0,0,0,0,0,0,0,0
Fabinho,3,Liverpool,Midfielder,Brazil,26,58,46,4,0,0,29,8,28%,292,293,19,5,3291,4,19,12,0,63,0,3
Georginio Wijnaldum,5,Liverpool,Midfielder,Netherlands,29,181,111,32,1,0,224,86,38%,989,696,194,16,7603,15,67,7,0,84,15,25
James Milner,7,Liverpool,Midfielder,England,34,539,272,133,17,4,496,151,30%,1751,1843,310,84,16171,46,2247,65,3,438,45,55
Naby Keita,8,Liverpool,Midfielder,Guinea,25,45,36,2,0,0,40,17,43%,202,164,50,4,1760,6,12,1,0,35,1,4
Jordan Henderson,14,Liverpool,Midfielder,England,30,342,185,79,1,2,344,99,29%,1878,1182,135,46,17932,49,792,34,2,299,29,30
Alex Oxlade-Chamberlain,15,Liverpool,Midfielder,England,27,196,114,41,0,0,237,65,27%,566,707,344,22,4570,27,421,10,0,104,13,16
Marko Grujic,16,Liverpool,Midfielder,Serbia,24,8,4,3,0,0,4,2,50%,3,12,2,0,47,0,0,1,0,2,0,0
Curtis Jones,17,Liverpool,Midfielder,England,19,7,6,0,0,0,6,2,33%,17,9,3,0,143,0,0,0,0,4,0,1
Harry Wilson,59,Liverpool,Midfielder,Wales,23,31,7,19,0,2,56,20,36%,85,87,17,0,575,4,35,2,0,12,1,7
Harvey Elliott,67,Liverpool,Midfielder,England,17,4,2,2,0,0,1,1,100%,4,1,1,0,22,0,3,0,0,0,0,0
Xherdan Shaqiri,23,Liverpool,Midfielder,Switzerland,28,115,49,37,0,3,187,64,34%,446,330,121,18,3039,32,555,12,0,79,30,22
Thiago,6,Liverpool,Midfielder,Spain,29,1,1,0,0,0,1,0,1%,3,2,0,0,82,0,1,0,0,3,0,0
Roberto Firmino,9,Liverpool,Forward,Brazil,28,177,115,23,2,0,424,182,43%,,,,36,6222,50,159,8,0,206,60,57
Sadio Mané,10,Liverpool,Forward,Senegal,28,196,121,35,0,0,445,190,43%,,,,29,6136,43,278,21,3,215,117,86
Mohamed Salah,11,Liverpool,Forward,Egypt,28,123,90,12,9,0,449,201,45%,,,,29,3357,41,200,4,0,63,65,78
Takumi Minamino,18,Liverpool,Forward,Japan,25,11,7,3,0,0,8,2,25%,,,,0,107,0,2,0,0,7,0,0
Rhian Brewster,24,Liverpool,Forward,England,20,0,0,0,0,0,0,0,0%,,,,0,0,0,0,0,0,0,0,0
Divock Origi,27,Liverpool,Forward,Belgium,25,91,57,14,0,0,89,39,44%,,,,6,861,3,68,1,0,47,26,19
Ben Woodburn,58,Liverpool,Forward,Wales,20,6,5,1,0,0,2,0,2%,6,7,1,0,40,0,5,0,0,2,0,0
Diogo Jota,20,Liverpool,Forward,Portugal,23,67,27,19,0,0,127,50,39%,,,,6,1585,13,74,15,0,84,9,16
Ederson,31,Manchester-City,Goalkeeper,Brazil,27,110,87,14,,,,,,,,,1,2781,,,6,1,4,,0
Scott Carson,33,Manchester-City,Goalkeeper,England,35,145,44,66,,,,,,,,,2,2722,,,6,1,4,,0
Zack Steffen,,Manchester-City,Goalkeeper,United States,25,0,0,0,,,,,,,,,0,0,,,0,0,0,,0
Nathan Aké,6,Manchester-City,Defender,Netherlands,25,147,52,67,,,,,,634,661,29,6,5634,9,61,15,1,97,7,12
Kyle Walker,2,Manchester-City,Defender,England,30,293,183,50,,,,,,1592,1510,239,29,15694,25,748,45,1,239,22,7
John Stones,5,Manchester-City,Defender,England,26,163,90,39,,,,,,717,664,96,0,8950,5,18,7,0,45,3,1
Oleksandr Zinchenko,11,Manchester-City,Defender,Ukraine,23,41,34,6,0,0,28,6,21%,188,173,11,3,3066,5,101,2,1,35,4,0
Aymeric Laporte,14,Manchester-City,Defender,France,26,59,50,6,,,,,,342,226,8,3,4957,1,8,5,0,40,2,4
Benjamin Mendy,22,Manchester-City,Defender,France,26,37,29,3,,,,,,175,104,32,8,1999,7,176,7,0,32,1,0
João Cancelo,27,Manchester-City,Defender,Portugal,26,17,12,4,,,,,,99,104,37,0,1010,6,47,4,0,17,0,0
Nicolás Otamendi,30,Manchester-City,Defender,Argentina,32,136,94,22,,,,,,707,766,32,1,9366,3,7,31,0,118,1,8
Eric García,50,Manchester-City,Defender,Spain,19,13,11,2,,,,,,38,25,6,0,728,0,1,1,0,9,0,0
Patrick Roberts,,Manchester-City,Midfielder,England,23,6,0,6,0,0,0,0,0%,2,10,6,0,30,0,0,1,0,2,0,0
Ilkay Gündogan,8,Manchester-City,Midfielder,Germany,29,102,75,17,2,1,127,34,27%,462,262,74,6,5854,12,143,13,0,45,2,15
Rodrigo,16,Manchester-City,Midfielder,Spain,24,36,25,8,0,0,25,9,36%,235,177,33,2,2673,3,8,9,0,45,0,3
Kevin De Bruyne,17,Manchester-City,Midfielder,Belgium,29,156,109,22,3,3,367,133,36%,758,633,221,67,8407,97,1109,14,0,122,16,37
Bernardo Silva,20,Manchester-City,Midfielder,Portugal,26,105,81,15,0,0,139,51,37%,366,334,118,18,4015,21,192,8,0,63,4,19
Fernandinho,25,Manchester-City,Midfielder,Brazil,35,225,156,36,0,0,217,63,29%,1300,1338,184,16,14806,24,69,46,4,324,4,18
Phil Foden,47,Manchester-City,Midfielder,England,20,42,38,3,0,0,50,22,44%,52,99,40,3,819,3,38,0,0,17,1,7
Tommy Doyle,69,Manchester-City,Midfielder,England,18,1,1,0,0,0,1,1,100%,1,1,0,0,20,0,0,0,0,0,0,0
Adrián Bernabé,82,Manchester-City,Midfielder,Spain,19,0,0,0,0,0,0,0,0%,0,0,0,0,0,0,0,0,0,0,0,0
Ferran Torres,21,Manchester-City,Forward,Spain,20,1,1,0,0,0,0,0,0%,,,,0,1,0,0,0,0,0,0,0
Raheem Sterling,7,Manchester-City,Forward,England,25,260,161,55,1,0,545,222,41%,,,,45,8317,61,514,28,1,297,95,86
Gabriel Jesus,9,Manchester-City,Forward,Brazil,23,103,80,12,2,0,227,122,54%,,,,17,1830,16,14,13,0,79,59,42
Sergio Agüero,10,Manchester-City,Forward,Argentina,32,263,177,44,26,0,996,411,41%,,,,46,6134,59,176,23,1,167,194,180
Riyad Mahrez,26,Manchester-City,Forward,Algeria,29,199,98,58,8,3,426,185,43%,,,,40,6019,80,741,7,0,117,45,57
Liam Delap,48,Manchester-City,Forward,England,17,0,0,0,0,0,0,0,0%,,,,0,0,0,0,0,0,0,0,0
David de Gea,1,Manchester-United,Goalkeeper,Spain,29,314,174,66,,,,,,,,,0,7009,,,6,0,1,,0
Lee Grant,,Manchester-United,Goalkeeper,England,37,31,10,12,,,,,,,,,0,959,,,1,0,0,,0
Sergio Romero,22,Manchester-United,Goalkeeper,Argentina,33,7,4,1,,,,,,,,,0,181,,,0,0,0,,0
Dean Henderson,26,Manchester-United,Goalkeeper,England,23,36,14,11,,,,,,,,,0,934,,,2,0,0,,0
Victor Lindelöf,2,Manchester-United,Defender,Sweden,26,83,41,19,,,,,,461,319,16,1,4419,5,4,8,0,53,0,2
Eric Bailly,3,Manchester-United,Defender,Cote D'Ivoire,26,54,35,7,,,,,,281,229,23,0,1682,0,2,6,1,45,0,1
Phil Jones,4,Manchester-United,Defender,England,28,200,104,44,,,,,,872,1051,75,6,7835,11,137,27,0,155,3,2
Harry Maguire,5,Manchester-United,Defender,England,27,140,50,58,,,,,,871,895,107,7,7325,9,34,26,1,117,17,8
Chris Smalling,12,Manchester-United,Defender,England,30,219,122,56,,,,,,897,1082,59,2,8092,3,63,18,1,192,14,12
Marcos Rojo,16,Manchester-United,Defender,Argentina,30,76,45,10,,,,,,358,351,26,1,3503,1,83,23,0,81,2,1
Diogo Dalot,20,Manchester-United,Defender,Portugal,21,20,9,7,,,,,,58,65,11,2,474,5,53,3,0,13,2,0
Luke Shaw,23,Manchester-United,Defender,England,25,157,68,39,,,,,,681,821,163,7,6663,14,425,29,1,138,7,1
Timothy Fosu-Mensah,24,Manchester-United,Defender,Netherlands,22,49,17,23,,,,,,175,151,24,1,1316,2,40,8,0,36,2,0
Aaron Wan-Bissaka,29,Manchester-United,Defender,England,22,77,32,26,,,,,,423,529,128,7,3019,8,179,13,1,46,3,0
Axel Tuanzebe,38,Manchester-United,Defender,England,22,10,4,3,,,,,,28,24,1,0,279,0,1,0,0,9,0,0
Brandon Williams,33,Manchester-United,Defender,England,20,17,8,3,,,,,,68,62,16,0,551,0,12,6,0,13,1,1
Teden Mengi,71,Manchester-United,Defender,England,18,0,0,0,,,,,,0,0,0,0,0,0,0,0,0,0,0,0
Paul Pogba,6,Manchester-United,Midfielder,France,27,112,63,18,7,0,301,110,37%,718,824,239,26,7139,21,105,19,1,190,13,25
Juan Mata,8,Manchester-United,Midfielder,Spain,32,262,136,61,2,8,362,133,37%,1084,616,173,52,11379,68,1099,19,1,134,102,51
Jesse Lingard,14,Manchester-United,Midfielder,England,27,133,68,31,1,0,178,69,39%,336,358,96,10,3536,18,121,15,0,140,20,18
Andreas Pereira,15,Manchester-United,Midfielder,Brazil,24,45,21,13,0,0,45,16,36%,140,101,32,4,1111,8,88,10,0,42,4,2
Fred,17,Manchester-United,Midfielder,Brazil,27,46,22,14,0,0,57,12,21%,339,205,50,1,2437,4,76,10,0,67,2,1
Bruno Fernandes,18,Manchester-United,Midfielder,Portugal,26,15,9,1,4,1,47,19,40%,75,57,15,7,871,3,87,2,0,10,2,8
Daniel James,21,Manchester-United,Midfielder,Wales,22,34,15,9,0,0,43,20,47%,94,111,27,6,722,6,100,4,0,14,2,3
Nemanja Matic,31,Manchester-United,Midfielder,Serbia,32,208,127,36,0,0,134,35,26%,1583,1196,235,19,12463,11,92,36,3,234,14,6
Scott McTominay,39,Manchester-United,Midfielder,Scotland,23,59,33,13,0,0,48,17,35%,259,288,38,1,1926,2,22,6,0,59,1,6
Donny van de Beek,34,Manchester-United,Midfielder,Netherlands,23,1,0,1,0,0,1,1,100%,1,1,0,0,22,0,0,0,0,0,0,1
Anthony Martial,9,Manchester-United,Forward,France,24,146,73,37,2,0,268,122,46%,,,,23,3712,35,200,8,0,125,49,51
Marcus Rashford,10,Manchester-United,Forward,England,22,143,76,28,6,1,301,130,43%,,,,21,2979,27,258,12,1,90,52,44
Odion Ighalo,25,Manchester-United,Forward,Nigeria,31,67,23,27,0,0,153,62,41%,,,,4,1045,1,20,5,0,65,37,16
Mason Greenwood,11,Manchester-United,Forward,England,18,35,14,10,0,0,49,24,49%,,,,1,577,1,12,0,0,12,5,10
Mark Gillespie,29,Newcastle-United,Goalkeeper,England,28,0,0,0,,,,,,,,,0,0,,,0,0,0,,0
Martin Dubravka,1,Newcastle-United,Goalkeeper,Slovakia,31,88,29,38,,,,,,,,,0,2318,,,1,0,0,,0
Karl Darlow,26,Newcastle-United,Goalkeeper,England,29,21,5,8,,,,,,,,,0,554,,,0,0,0,,0
Daniel Langley,41,Newcastle-United,Goalkeeper,England,19,0,0,0,,,,,,,,,0,0,,,0,0,0,,0
Ciaran Clark,2,Newcastle-United,Defender,Ireland,30,179,45,85,,,,,,683,872,48,5,5675,10,41,47,2,171,2,14
Paul Dummett,3,Newcastle-United,Defender,Wales,28,128,42,56,,,,,,387,590,21,0,3814,4,202,12,1,58,1,2
Fabian Schär,5,Newcastle-United,Defender,Switzerland,28,46,17,21,,,,,,225,268,30,1,1755,1,29,17,0,57,3,6
Jamaal Lascelles,6,Newcastle-United,Defender,England,26,109,34,48,,,,,,546,489,15,1,3699,2,5,16,1,69,3,6
Emil Krafth,17,Newcastle-United,Defender,Sweden,26,17,5,8,,,,,,43,36,4,1,329,1,20,0,0,4,0,0
Federico Fernández,18,Newcastle-United,Defender,Argentina,31,170,55,72,,,,,,756,777,24,7,7218,5,48,25,0,135,8,4
Javier Manquillo,19,Newcastle-United,Defender,Spain,26,92,25,45,,,,,,310,359,47,5,2235,4,168,15,0,72,11,1
DeAndre Yedlin,22,Newcastle-United,Defender,United States,27,103,29,48,,,,,,385,398,60,5,2500,6,219,16,1,102,15,2
Jamal Lewis,15,Newcastle-United,Defender,Northern Ireland,22,30,4,24,,,,,,150,122,34,0,1101,1,48,5,0,16,2,1
Jacob Murphy,23,Newcastle-United,Midfielder,England,25,34,6,22,0,0,24,8,33%,97,76,37,2,325,4,56,0,0,12,1,1
Jonjo Shelvey,8,Newcastle-United,Midfielder,England,28,215,77,86,2,1,374,114,30%,1111,573,135,23,8878,30,610,33,4,178,12,20
Matt Ritchie,11,Newcastle-United,Midfielder,Scotland,31,128,38,58,1,0,206,51,25%,637,507,58,20,4121,27,753,24,0,159,8,11
Isaac Hayden,14,Newcastle-United,Midfielder,England,25,82,31,31,0,0,55,17,31%,316,424,45,6,2149,9,66,15,2,92,2,3
Miguel Almirón,24,Newcastle-United,Midfielder,Paraguay,26,48,17,18,0,0,76,25,33%,256,222,53,3,1098,4,65,5,0,37,28,4
Christian Atsu,30,Newcastle-United,Midfielder,Ghana,28,80,25,32,0,0,72,28,39%,245,217,73,6,1096,12,117,5,0,34,14,3
Sean Longstaff,36,Newcastle-United,Midfielder,England,22,33,12,15,0,0,33,9,27%,119,123,12,1,925,3,36,4,1,24,0,2
Matthew Longstaff,4,Newcastle-United,Midfielder,England,20,9,2,4,0,0,4,2,50%,38,17,3,0,255,1,2,1,0,6,0,2
Jeff Hendrick,16,Newcastle-United,Midfielder,Ireland,28,124,41,55,0,0,99,25,25%,510,349,84,6,3063,7,95,19,1,97,34,10
Ryan Fraser,21,Newcastle-United,Midfielder,Scotland,26,121,34,59,0,1,132,61,46%,413,364,66,26,3469,41,711,7,0,40,14,16
Henri Saivet,28,Newcastle-United,Midfielder,Senegal,29,5,3,2,0,1,1,1,100%,24,23,1,0,106,0,2,0,0,1,0,1
Daniel Barlaser,32,Newcastle-United,Midfielder,England,23,0,0,0,0,0,0,0,0%,0,0,0,0,0,0,0,0,0,0,0,0
Andy Carroll,7,Newcastle-United,Forward,England,31,232,81,92,2,1,534,172,32%,,,,22,4726,28,114,33,2,321,77,53
Joelinton,9,Newcastle-United,Forward,Brazil,24,40,12,17,0,0,51,15,29%,,,,2,836,3,6,7,0,32,22,2
Allan Saint-Maximin,10,Newcastle-United,Forward,France,23,28,11,9,0,0,47,21,45%,,,,4,458,8,46,0,0,19,3,3
Dwight Gayle,12,Newcastle-United,Forward,England,29,119,28,64,2,2,160,59,37%,,,,6,1201,6,64,8,1,77,34,25
Callum Wilson,13,Newcastle-United,Forward,England,28,128,39,60,5,0,226,91,40%,,,,12,1694,21,78,13,0,177,94,42
Wes Foderingham,18,Sheffield-United,Goalkeeper,England,29,0,0,0,,,,,,,,,0,0,,,0,0,0,,0
Michael Verrips,21,Sheffield-United,Goalkeeper,Netherlands,23,0,0,0,,,,,,,,,0,0,,,0,0,0,,0
Simon Moore,25,Sheffield-United,Goalkeeper,England,30,2,0,1,,,,,,,,,0,44,,,0,0,0,,0
Aaron Ramsdale,1,Sheffield-United,Goalkeeper,England,22,39,9,23,,,,,,,,,1,1000,,,0,0,0,,0
George Baldock,2,Sheffield-United,Defender,England,27,40,14,14,,,,,,177,192,42,3,1178,3,136,7,0,52,11,2
Enda Stevens,3,Sheffield-United,Defender,Ireland,30,47,16,17,,,,,,253,228,67,4,1670,9,135,8,0,46,2,2
Jack O'Connell,5,Sheffield-United,Defender,England,26,35,13,11,,,,,,192,190,9,1,1634,6,52,4,0,22,3,0
Chris Basham,6,Sheffield-United,Defender,England,32,61,20,24,,,,,,246,324,30,3,1656,2,65,5,0,39,5,1
John Egan,12,Sheffield-United,Defender,Ireland,27,38,14,13,,,,,,181,204,1,0,1340,1,3,4,2,37,1,2
Jack Robinson,19,Sheffield-United,Defender,England,27,9,2,3,,,,,,37,35,3,0,291,0,7,1,0,5,1,0
Kean Bryan,29,Sheffield-United,Defender,England,23,0,0,0,,,,,,0,0,0,0,0,0,0,0,0,0,0,0
Phil Jagielka,15,Sheffield-United,Defender,England,38,366,147,111,,,,,,1626,1842,35,9,14775,8,131,23,2,159,3,18
Max Lowe,13,Sheffield-United,Defender,England,23,0,0,0,,,,,,0,0,0,0,0,0,0,0,0,0,0,0
Ethan Ampadu,22,Sheffield-United,Defender,Wales,20,2,1,1,,,,,,1,4,1,0,28,0,0,0,0,0,0,0
Jayden Bogle,20,Sheffield-United,Defender,England,20,0,0,0,,,,,,0,0,0,0,0,0,0,0,0,0,0,0
John Fleck,4,Sheffield-United,Midfielder,Scotland,29,32,10,13,0,0,32,11,34%,177,120,46,2,1047,5,158,8,0,27,1,5
John Lundstram,7,Sheffield-United,Midfielder,England,26,36,12,13,0,0,44,11,25%,165,105,19,3,1247,8,75,6,0,30,7,5
Oliver Norwood,16,Sheffield-United,Midfielder,Northern Ireland,29,39,14,13,1,0,17,6,35%,280,136,9,1,2062,6,205,8,0,32,1,1
Ben Osborn,23,Sheffield-United,Midfielder,England,26,14,8,3,0,0,3,1,33%,45,31,4,0,244,1,18,0,0,9,1,0
Sander Berge,8,Sheffield-United,Midfielder,Norway,22,16,6,7,0,0,7,2,29%,62,85,16,1,412,1,23,0,0,19,1,1
Jack Rodwell,26,Sheffield-United,Midfielder,England,29,167,50,64,0,0,210,58,28%,482,470,49,4,3881,2,67,26,1,135,7,10
Regan Slater,28,Sheffield-United,Midfielder,England,21,0,0,0,0,0,0,0,0%,0,0,0,0,0,0,0,0,0,0,0,0
Oliver Burke,14,Sheffield-United,Midfielder,Scotland,23,16,0,13,0,0,4,0,4%,15,34,13,2,149,1,9,0,0,5,0,0
Zak Brunt,42,Sheffield-United,Midfielder,England,18,0,0,0,0,0,0,0,0%,0,0,0,0,0,0,0,0,0,0,0,0
Oliver McBurnie,9,Sheffield-United,Forward,Scotland,24,54,17,25,0,0,60,31,52%,,,,1,785,3,15,5,0,35,5,6
Billy Sharp,10,Sheffield-United,Forward,England,34,28,7,13,0,0,17,7,41%,,,,2,233,5,13,1,1,20,14,3
David McGoldrick,17,Sheffield-United,Forward,Ireland,32,30,10,10,0,0,47,20,43%,,,,2,636,4,10,2,0,33,12,2
Lys Mousset,11,Sheffield-United,Forward,France,24,88,31,38,0,0,81,24,30%,,,,4,585,9,19,3,0,48,21,9
Alex McCarthy,1,Southampton,Goalkeeper,England,30,96,26,43,,,,,,,,,0,2325,,,3,0,1,,0
Angus Gunn,28,Southampton,Goalkeeper,England,24,22,6,10,,,,,,,,,0,520,,,0,0,0,,0
Fraser Forster,44,Southampton,Goalkeeper,England,32,107,44,38,,,,,,,,,0,2515,,,4,0,0,,0
Harry Lewis,41,Southampton,Goalkeeper,England,22,0,0,0,,,,,,,,,0,0,,,0,0,0,,0
Jannik Vestergaard,4,Southampton,Defender,Denmark,28,43,14,20,,,,,,208,280,14,0,1709,3,2,5,0,27,1,1
Jack Stephens,5,Southampton,Defender,England,26,93,25,40,,,,,,513,381,37,4,3850,3,20,16,2,55,3,4
Ryan Bertrand,3,Southampton,Defender,England,31,231,83,95,,,,,,897,987,104,15,8783,29,817,31,2,211,10,7
Jake Vokins,29,Southampton,Defender,England,20,1,0,0,,,,,,1,3,0,0,58,0,1,0,0,0,0,0
Jan Bednarek,35,Southampton,Defender,Poland,24,66,22,29,,,,,,327,351,4,2,2655,2,2,12,0,58,0,2
Yan Valery,18,Southampton,Defender,France,21,34,11,15,,,,,,121,176,38,1,621,2,66,4,1,34,5,2
Kyle Walker-Peters,2,Southampton,Defender,England,23,24,13,6,,,,,,116,137,37,6,925,5,38,3,0,14,3,0
Mohammed Salisu,22,Southampton,Defender,Ghana,21,0,0,0,,,,,,0,0,0,0,0,0,0,0,0,0,0,0
Moussa Djenepo,12,Southampton,Midfielder,Mali,22,20,7,11,0,0,22,8,36%,52,117,49,2,266,3,21,4,1,26,3,2
Oriol Romeu,6,Southampton,Midfielder,Spain,29,183,66,67,0,0,113,23,20%,1118,1000,94,0,7889,12,20,49,0,253,5,4
James Ward-Prowse,8,Southampton,Midfielder,England,25,233,80,89,4,6,249,102,41%,914,613,49,22,6946,36,1110,28,1,193,5,22
Stuart Armstrong,17,Southampton,Midfielder,Scotland,28,60,19,26,0,0,79,32,41%,189,184,51,5,1230,3,48,6,0,47,7,8
Sofiane Boufal,19,Southampton,Midfielder,Morocco,27,70,12,35,0,0,73,20,27%,212,371,187,4,1328,9,101,8,0,77,5,3
Nathan Redmond,11,Southampton,Midfielder,England,26,208,53,99,0,0,382,129,34%,901,924,415,18,5788,37,525,12,1,155,48,25
William Smallbone,20,Southampton,Midfielder,Ireland,20,11,5,3,0,0,6,0,6%,,,,2,248,0,9,0,0,4,0,0
Nathan Tella,23,Southampton,Midfielder,England,21,2,1,1,0,0,2,1,50%,0,7,1,0,4,0,0,0,0,0,0,0
Shane Long,7,Southampton,Forward,Ireland,33,322,110,143,1,0,403,161,40%,,,,23,4540,25,307,28,0,395,186,55
Danny Ings,9,Southampton,Forward,England,28,113,32,47,6,0,268,108,40%,,,,9,1938,14,94,11,0,91,43,45
Che Adams,10,Southampton,Forward,England,24,32,13,14,0,0,41,13,32%,,,,2,282,5,13,1,0,20,11,4
Michael Obafemi,14,Southampton,Forward,Ireland,20,28,10,12,0,0,20,8,40%,,,,3,156,3,3,2,0,13,4,4
Hugo Lloris,1,Tottenham-Hotspur,Goalkeeper,France,33,262,153,56,,,,,,,,,0,6702,,,3,0,3,,0
Paulo Gazzaniga,22,Tottenham-Hotspur,Goalkeeper,Argentina,28,43,13,20,,,,,,,,,0,982,,,1,0,1,,0
Joe Hart,12,Tottenham-Hotspur,Goalkeeper,England,33,340,169,97,,,,,,,,,1,6733,,,7,0,6,,0
Alfie Whiteman,41,Tottenham-Hotspur,Goalkeeper,England,21,0,0,0,,,,,,,,,0,0,,,0,0,0,,0
Brandon Austin,40,Tottenham-Hotspur,Goalkeeper,England,21,0,0,0,,,,,,,,,0,0,,,0,0,0,,0
Toby Alderweireld,4,Tottenham-Hotspur,Defender,Belgium,31,176,98,42,,,,,,824,556,26,4,10036,5,57,20,0,68,3,8
Davinson Sánchez,6,Tottenham-Hotspur,Defender,Colombia,24,84,46,21,,,,,,430,379,18,1,4901,1,5,9,1,73,1,1
Juan Foyth,21,Tottenham-Hotspur,Defender,Argentina,22,16,8,5,,,,,,62,96,21,0,642,2,2,4,1,18,0,1
Serge Aurier,24,Tottenham-Hotspur,Defender,Cote D'Ivoire,27,58,32,13,,,,,,285,394,62,9,2326,11,229,4,2,79,9,3
Ben Davies,33,Tottenham-Hotspur,Defender,Wales,27,201,96,59,,,,,,689,957,79,15,8593,20,587,26,0,162,4,6
Japhet Tanganga,25,Tottenham-Hotspur,Defender,England,21,6,1,3,,,,,,27,45,6,0,201,0,2,1,0,8,0,0
Matt Doherty,2,Tottenham-Hotspur,Defender,Ireland,28,77,32,22,,,,,,333,508,50,8,2970,11,108,7,0,63,6,8
Dennis Cirkin,49,Tottenham-Hotspur,Defender,England,18,0,0,0,,,,,,0,0,0,0,0,0,0,0,0,0,0,0
Cameron Carter-Vickers,,Tottenham-Hotspur,Defender,United States,22,0,0,0,,,,,,0,0,0,0,0,0,0,0,0,0,0,0
Sergio Reguilón,3,Tottenham-Hotspur,Defender,Spain,23,0,0,0,,,,,,0,0,0,0,0,0,0,0,0,0,0,0
Harry Winks,8,Tottenham-Hotspur,Midfielder,England,24,96,58,23,0,0,32,6,19%,394,230,51,2,4198,3,54,14,0,59,2,2
Erik Lamela,11,Tottenham-Hotspur,Midfielder,Argentina,28,155,81,36,0,0,203,69,34%,546,633,192,23,4019,28,374,26,0,213,28,16
Eric Dier,15,Tottenham-Hotspur,Midfielder,England,26,176,102,36,0,0,114,27,24%,729,822,53,8,9661,11,121,33,0,164,6,10
Moussa Sissoko,17,Tottenham-Hotspur,Midfielder,France,31,235,110,83,0,0,216,69,32%,1273,1069,386,24,8466,34,459,36,2,276,24,14
Ryan Sessegnon,19,Tottenham-Hotspur,Midfielder,England,20,41,10,25,0,0,29,11,38%,156,113,36,6,846,6,79,0,0,24,17,2
Dele Alli,20,Tottenham-Hotspur,Midfielder,England,24,157,90,34,2,0,319,128,40%,750,817,183,33,5517,44,76,24,0,178,31,50
Tanguy Ndombele,28,Tottenham-Hotspur,Midfielder,France,23,23,6,10,0,0,9,4,44%,83,102,40,2,672,1,13,4,0,15,0,2
Gedson Fernandes,30,Tottenham-Hotspur,Midfielder,Portugal,21,7,3,1,0,0,1,0,1%,7,6,2,0,39,0,7,0,0,0,0,0
Pierre-Emile Højbjerg,5,Tottenham-Hotspur,Midfielder,Denmark,25,111,34,49,0,0,143,40,28%,939,639,100,4,5860,4,89,21,2,149,2,4
Harvey White,48,Tottenham-Hotspur,Midfielder,England,19,0,0,0,0,0,0,0,0%,0,0,0,0,0,0,0,0,0,0,0,0
Giovani Lo Celso,18,Tottenham-Hotspur,Midfielder,Argentina,24,29,11,8,0,0,19,3,16%,124,140,33,2,995,1,57,7,0,30,0,0
Lucas Moura,27,Tottenham-Hotspur,Forward,Brazil,28,75,38,26,0,0,108,37,34%,,,,5,1653,7,43,6,0,62,20,14
Jack Clarke,47,Tottenham-Hotspur,Forward,England,19,0,0,0,0,0,0,0,0%,,,,0,0,0,0,0,0,0,0,0
Son Heung-Min,7,Tottenham-Hotspur,Forward,South Korea,28,162,95,36,0,0,354,151,43%,,,,29,3731,32,242,4,2,65,99,57
Harry Kane,10,Tottenham-Hotspur,Forward,England,27,212,120,48,20,1,783,354,45%,,,,24,4408,38,178,26,0,208,160,144
Steven Bergwijn,23,Tottenham-Hotspur,Forward,Netherlands,22,16,8,4,0,0,9,4,44%,,,,1,265,1,10,2,0,9,0,3
Gareth Bale,9,Tottenham-Hotspur,Forward,Wales,31,146,62,41,0,3,435,161,37%,,,,20,4663,32,1021,15,1,86,30,42
Sam Johnstone,1,West-Bromwich-Albion,Goalkeeper,England,27,2,0,2,,,,,,,,,0,51,,,0,0,0,,0
David Button,25,West-Bromwich-Albion,Goalkeeper,England,31,4,1,2,,,,,,,,,0,99,,,0,0,0,,0
Jonathan Bond,23,West-Bromwich-Albion,Goalkeeper,England,27,0,0,0,,,,,,,,,0,0,,,0,0,0,,0
Darnell Furlong,2,West-Bromwich-Albion,Defender,England,24,5,0,5,,,,,,11,27,3,0,117,0,12,1,0,5,1,0
Kieran Gibbs,3,West-Bromwich-Albion,Defender,England,30,172,88,40,,,,,,715,757,127,9,6012,13,429,17,2,112,13,2
Kyle Bartley,5,West-Bromwich-Albion,Defender,England,29,23,6,11,,,,,,59,95,5,0,776,0,3,6,0,22,2,0
Semi Ajayi,6,West-Bromwich-Albion,Defender,Nigeria,26,2,0,2,,,,,,9,1,0,0,54,0,0,1,0,2,0,0
Conor Townsend,14,West-Bromwich-Albion,Defender,England,27,0,0,0,,,,,,0,0,0,0,0,0,0,0,0,0,0,0
Ahmed Hegazi,26,West-Bromwich-Albion,Defender,Egypt,29,38,6,19,,,,,,183,192,22,0,1186,0,10,4,0,24,2,2
Dara O'Shea,27,West-Bromwich-Albion,Defender,Ireland,21,2,0,2,,,,,,11,12,0,0,79,0,0,0,0,2,0,0
Cédric Kipré,24,West-Bromwich-Albion,Defender,Cote D'Ivoire,23,0,0,0,,,,,,0,0,0,0,0,0,0,0,0,0,0,0
Lee Peltier,22,West-Bromwich-Albion,Defender,England,33,20,7,12,,,,,,70,78,3,0,342,0,6,4,0,15,0,0
Branislav Ivanovic,20,West-Bromwich-Albion,Defender,Serbia,36,261,152,50,,,,,,1154,1427,106,20,9871,20,520,55,2,293,18,22
Jake Livermore,8,West-Bromwich-Albion,Midfielder,England,30,180,52,87,0,0,129,32,25%,903,633,81,9,6813,11,56,30,1,199,3,7
Matt Phillips,10,West-Bromwich-Albion,Midfielder,Scotland,29,110,28,55,0,0,150,39,26%,408,435,175,22,1831,23,536,6,0,57,20,10
Kamil Grosicki,13,West-Bromwich-Albion,Midfielder,Poland,32,15,4,7,0,0,24,7,29%,36,21,13,4,251,5,84,1,0,12,6,0
Rekeem Harper,16,West-Bromwich-Albion,Midfielder,England,20,2,1,1,0,0,0,0,0%,2,2,1,0,18,0,0,0,0,1,0,0
Romaine Sawyers,19,West-Bromwich-Albion,Midfielder,Saint Kitts And Nevis,28,2,0,2,0,0,0,0,0%,9,6,0,0,63,0,0,0,0,1,0,0
Sam Field,28,West-Bromwich-Albion,Midfielder,England,22,20,5,9,0,0,6,1,17%,56,47,4,0,275,0,15,5,0,16,0,1
Kyle Edwards,21,West-Bromwich-Albion,Midfielder,England,22,2,0,2,0,0,1,0,1%,,,,0,11,0,0,0,0,0,0,0
Grady Diangana,11,West-Bromwich-Albion,Midfielder,England,22,19,7,10,0,0,13,5,38%,49,72,25,1,298,3,14,0,0,4,2,1
Conor Gallagher,18,West-Bromwich-Albion,Midfielder,England,20,0,0,0,0,0,0,0,0%,0,0,0,0,0,0,0,0,0,0,0,0
Hal Robson-Kanu,4,West-Bromwich-Albion,Forward,Wales,31,76,16,39,1,0,73,28,38%,,,,3,682,2,101,5,1,76,13,12
Kenneth Zohore,9,West-Bromwich-Albion,Forward,Denmark,26,19,4,13,0,0,17,8,47%,,,,1,136,1,7,1,0,13,4,1
Matheus Pereira,12,West-Bromwich-Albion,Forward,Brazil,24,2,0,2,0,1,4,2,50%,,,,1,56,0,5,0,0,3,0,1
Charlie Austin,15,West-Bromwich-Albion,Forward,England,31,106,25,55,6,0,255,106,42%,,,,8,1500,7,54,8,1,83,68,34
Callum Robinson,7,West-Bromwich-Albion,Forward,Ireland,25,22,3,10,0,0,14,5,36%,,,,1,190,2,22,1,0,13,5,1
Jamie Soule,32,West-Bromwich-Albion,Forward,England,19,0,0,0,0,0,0,0,0%,,,,0,0,0,0,0,0,0,0,0
Lukasz Fabianski,1,West-Ham-United,Goalkeeper,Poland,35,246,91,104,,,,,,,,,2,6328,,,4,1,6,,0
David Martin,25,West-Ham-United,Goalkeeper,England,34,5,2,3,,,,,,,,,0,111,,,1,0,0,,0
Darren Randolph,35,West-Ham-United,Goalkeeper,Ireland,33,31,10,14,,,,,,,,,0,839,,,1,0,0,,0
Nathan Trott,34,West-Ham-United,Goalkeeper,England,21,0,0,0,,,,,,,,,0,0,,,0,0,0,,0
Aaron Cresswell,3,West-Ham-United,Defender,England,30,190,61,75,,,,,,855,645,60,18,6957,27,752,23,1,88,18,8
Fabián Balbuena,4,West-Ham-United,Defender,Paraguay,29,40,15,19,,,,,,167,188,3,0,1335,1,2,4,0,25,0,2
Gonçalo Cardoso,29,West-Ham-United,Defender,Portugal,19,0,0,0,,,,,,0,0,0,0,0,0,0,0,0,0,0,0
Angelo Ogbonna,21,West-Ham-United,Defender,Italy,32,137,47,53,,,,,,585,626,27,1,4633,2,9,16,0,88,1,4
Issa Diop,23,West-Ham-United,Defender,France,23,67,23,29,,,,,,330,291,11,1,2212,3,1,12,0,49,4,4
Ryan Fredericks,24,West-Ham-United,Defender,England,27,44,13,22,,,,,,170,234,23,4,1358,5,89,14,0,38,2,1
Arthur Masuaku,26,West-Ham-United,Defender,The Democratic Republic Of Congo,26,81,26,33,,,,,,458,506,180,6,2578,7,197,12,1,72,2,0
Ben Johnson,31,West-Ham-United,Defender,England,20,4,1,1,0,0,1,0,1%,13,18,1,0,135,0,11,0,0,8,0,0
Ajibola Alese,42,West-Ham-United,Defender,England,19,0,0,0,,,,,,0,0,0,0,0,0,0,0,0,0,0,0
Harrison Ashby,50,West-Ham-United,Defender,Scotland,18,0,0,0,,,,,,0,0,0,0,0,0,0,0,0,0,0,0
Felipe Anderson,8,West-Ham-United,Midfielder,Brazil,27,63,20,32,0,0,81,33,41%,339,366,139,8,2567,14,155,4,0,44,7,10
Manuel Lanzini,10,West-Ham-United,Midfielder,Argentina,27,122,39,49,2,1,195,61,31%,682,533,256,13,5096,18,257,19,0,50,20,20
Robert Snodgrass,11,West-Ham-United,Midfielder,Scotland,33,160,43,78,2,6,250,88,35%,623,864,154,23,4715,35,1090,30,0,199,27,26
Mark Noble,16,West-Ham-United,Midfielder,England,33,383,130,158,27,2,332,114,34%,2330,1607,243,35,17862,35,958,81,5,380,27,46
Pablo Fornals,18,West-Ham-United,Midfielder,Spain,24,38,10,19,0,0,37,11,30%,160,92,17,5,893,4,63,3,0,19,7,2
Jack Wilshere,19,West-Ham-United,Midfielder,England,28,182,87,52,0,0,140,50,36%,915,926,339,18,7494,32,239,36,2,169,10,8
Declan Rice,41,West-Ham-United,Midfielder,England,21,101,33,44,0,0,59,14,24%,681,489,79,3,3942,2,39,11,0,64,3,3
Josh Cullen,33,West-Ham-United,Midfielder,Ireland,24,3,2,0,0,0,0,0,0%,1,0,0,0,4,0,0,0,0,0,0,0
Conor Coventry,54,West-Ham-United,Midfielder,Ireland,20,0,0,0,0,0,0,0,0%,0,0,0,0,0,0,0,0,0,0,0,0
Michail Antonio,30,West-Ham-United,Forward,England,30,135,46,56,1,0,307,117,38%,479,926,297,14,2689,21,322,14,1,153,60,37
Andriy Yarmolenko,7,West-Ham-United,Forward,Ukraine,30,34,10,16,0,0,38,17,45%,,,,1,626,7,35,5,0,25,9,7
Jarrod Bowen,20,West-Ham-United,Forward,England,23,22,4,15,0,0,32,7,22%,,,,4,328,4,71,0,0,8,1,1
Sébastien Haller,22,West-Ham-United,Forward,France,26,34,9,18,0,0,58,28,48%,,,,1,779,2,8,1,0,49,19,7
Xande Silva,32,West-Ham-United,Forward,Portugal,23,1,0,1,0,0,2,0,2%,,,,0,4,0,0,0,0,0,0,0
Emmanuel Longelo,56,West-Ham-United,Forward,England,19,0,0,0,0,0,0,0,0%,,,,0,0,0,0,0,0,0,0,0
Rui Patrício,11,Wolverhampton-Wanderers,Goalkeeper,Portugal,32,77,31,23,,,,,,,,,0,1530,,,0,0,0,,0
John Ruddy,21,Wolverhampton-Wanderers,Goalkeeper,England,33,119,33,54,,,,,,,,,0,2580,,,3,1,1,,0
Willy Boly,15,Wolverhampton-Wanderers,Defender,France,29,60,24,18,,,,,,336,425,22,1,2779,5,2,3,2,55,4,4
Conor Coady,16,Wolverhampton-Wanderers,Defender,England,27,79,33,23,,,,,,504,160,7,0,3617,2,0,10,0,28,0,0
Jonny,19,Wolverhampton-Wanderers,Defender,Spain,26,68,27,19,,,,,,329,367,62,3,2162,3,100,10,0,57,7,3
Rúben Vinagre,29,Wolverhampton-Wanderers,Defender,Portugal,21,34,14,10,,,,,,102,107,35,0,556,3,83,2,0,19,1,0
Maximilian Kilman,49,Wolverhampton-Wanderers,Defender,England,23,4,2,1,,,,,,9,17,1,0,101,0,0,0,0,2,0,0
Oskar Buur,59,Wolverhampton-Wanderers,Defender,Denmark,22,1,1,0,,,,,,0,1,0,0,14,0,0,0,0,0,0,0
Marçal,5,Wolverhampton-Wanderers,Defender,Brazil,31,2,1,1,,,,,,4,11,2,0,37,0,1,1,0,1,0,0
Ki-Jana Hoever,2,Wolverhampton-Wanderers,Defender,Netherlands,18,0,0,0,,,,,,0,0,0,0,0,0,0,0,0,0,0,0
Rúben Neves,8,Wolverhampton-Wanderers,Midfielder,Portugal,23,75,30,23,2,2,137,26,19%,601,263,33,5,4024,7,61,17,0,66,0,6
Daniel Podence,10,Wolverhampton-Wanderers,Midfielder,Portugal,24,11,5,2,0,0,12,3,25%,17,28,10,2,143,4,9,0,0,6,3,1
Romain Saïss,27,Wolverhampton-Wanderers,Midfielder,Morocco,30,54,24,16,0,0,38,15,39%,276,326,13,1,2453,4,18,17,1,72,2,5
João Moutinho,28,Wolverhampton-Wanderers,Midfielder,Portugal,34,78,32,23,0,1,40,9,23%,530,340,28,14,3778,16,422,11,0,95,3,2
Leander Dendoncker,32,Wolverhampton-Wanderers,Midfielder,Belgium,25,59,26,15,0,0,37,15,41%,246,328,28,0,1966,2,16,6,0,43,1,6
Vitinha,20,Wolverhampton-Wanderers,Midfielder,Portugal,20,1,1,0,0,0,0,0,0%,1,1,1,0,5,0,0,0,0,0,0,0
Meritan Shabani,57,Wolverhampton-Wanderers,Midfielder,Germany,21,0,0,0,0,0,0,0,0%,0,0,0,0,0,0,0,0,0,0,0,0
Pedro Neto,7,Wolverhampton-Wanderers,Forward,Portugal,20,31,14,7,0,0,19,6,32%,,,,4,399,5,52,3,0,16,5,3
Raúl Jiménez,9,Wolverhampton-Wanderers,Forward,Mexico,29,78,32,23,6,0,237,82,35%,,,,13,2108,26,57,7,0,81,52,32
Adama Traoré,37,Wolverhampton-Wanderers,Forward,Spain,24,105,27,47,0,0,78,21,27%,,,,12,1434,13,327,4,0,80,13,5
Fábio Silva,17,Wolverhampton-Wanderers,Forward,Portugal,18,1,0,1,0,0,0,0,0%,,,,0,1,0,0,0,0,0,0,0
Leonardo Campana,30,Wolverhampton-Wanderers,Forward,Ecuador,20,0,0,0,0,0,0,0,0%,,,,0,0,0,0,0,0,0,0,0